keyword	search_volume	cpc_usd	competition	keyword_difficulty	intent
green card immigration lawyer	33100	19.38	0.01	0	commercial
immigration lawyer near me	27100	14.28	0.75	26	commercial
immigration attorney near me	14800	13.05	0.61	37	commercial
wegreened	8100	18.5	0.31	10	informational
immigration lawyer houston	5400	22.37	0.84	30	commercial
o1 visa requirements	9900	9.75	0.5	30	informational
o1 visa to green card	1900	33.09	0.25	0	informational
eb2 niw lawyer	720	66.75	0.62	0	informational
immigration lawyer for citizenship	5400	8.82	0.05	0	commercial
immigration lawyer nyc	2900	16.18	0.97	33	commercial
h1b visa attorney fee	4400	9.36	0.32	0	informational
eb1 visa attorney	880	43.52	0.64	0	informational
o1 visa attorney	480	69.49	0.21	0	informational
immigration lawyer consultation	1600	20.76	0.56	10	informational
marriage green card lawyer	880	34.15	0.42	0	commercial
immigration law firm	3600	7.82	0.37	48	commercial
eb-2 niw lawyer	590	47.52	0.75	0	informational
immigration lawyer flat fee	880	28.27	0.02	0	commercial
talk to a lawyer for free 24/7 chat online	1600	15	0.7	52	transactional
e2 visa lawyer	390	56.95	0.65	0	informational
immigration attorney fees	4400	5.04	0.22	0	informational
immigration lawyer fees	4400	5.04	0.22	0	informational
free consultation immigration lawyer near me	1300	16.37	0.69	57	commercial
immigration lawyer near me with free consultation	1300	16.37	0.69	53	commercial
i-765 filing fee	5400	3.76	0.01	13	transactional
e-2 visa	2900	6.33	0.3	24	informational
best immigration lawyer in houston	880	19.37	0.83	31	commercial
immigration lawyers usa	1000	16.99	0.48	58	commercial
i-130 filing fee	5400	2.89	0.02	38	informational
eb1 visa processing time	1600	9.61	0.09	0	informational
immigration lawyer brooklyn	880	17.31	0.71	6	commercial
e 2 visa attorney	260	56.92	0.15	0	informational
tn visa lawyer	390	35.11	0.62	0	informational
immigration lawyer queens	1000	12.87	0.83	7	commercial
best immigration lawyer houston	880	14.01	0.7	25	commercial
cheap immigration lawyer near me	480	24.81	0.92	17	commercial
i-485 filing fee	5400	2.19	0.02	13	informational
o-1 visa processing time	880	13.05	0.3	8	informational
o1 visa processing time	880	13.05	0.3	9	informational
o1 visa attorney fee	210	50.55	0.21	0	informational
free immigration lawyers	720	13.82	0.64	18	commercial
best o1 visa lawyer	50	191.82	0.93	0	commercial
eb2 niw attorney	260	36.59	0.67	0	navigational
green card application form online	1000	9.29	0.34	67	transactional
immigration lawyer manhattan	320	25.89	0.65	28	commercial
k1 visa lawyer cost	320	24.72	0.44	0	commercial
talk to a lawyer for free online	480	16.15	0.73	63	transactional
uscis free immigration lawyers	720	10.74	0.6	31	commercial
free immigration lawyer near me	720	10.6	0.72	22	informational
talk to a lawyer free over the phone	260	28.86	0.69	44	transactional
immigration lawyer free consultation over the phone	390	18.74	0.74	9	transactional
eb2 niw visa requirements	880	7.19	0.55	8	informational
jennings immigration law office	260	22.73	0.15	0	navigational
immigration lawyers in dallas texas free consultation	260	22.12	0.71	1	commercial
chen immigration fees	50	113.71	0.3	16	informational
immigration lawyer houston free consultation	320	17.51	0.63	0	informational
jewish immigration lawyer near me	320	17.51	0.82	2	commercial
free consultation immigration lawyer dallas	260	21.38	0.62	31	informational
o1 visa fees	260	19.8	0.34	17	informational
eb3 visa to green card	880	5.58	0.24	17	informational
top 10 immigration lawyers in new york	320	13.39	0.88	22	commercial
free consultation immigration lawyer nyc	390	10.79	0.76	19	informational
talk to a lawyer for free near me	170	23.03	0.68	51	transactional
chen eb2 niw	170	21.34	0.6	28	navigational
e 2 visa requirements	480	7.35	0.39	27	informational
chat with a lawyer online	210	16.63	0.75	45	transactional
eb2 niw attorney fees	110	29.54	0.21	0	informational
best immigration lawyer in orlando	260	12.23	0.93	21	commercial
how much does an immigration lawyer cost for green card	170	18.02	0.39	0	commercial
rahul reddy immigration lawyer	170	17.42	0.35	9	commercial
citizenship lawyer near me	480	6.01	0.39	19	navigational
free immigration help near me	320	8.92	0.53	22	informational
uscis forms fees	720	3.92	0.02	78	informational
top immigration lawyers in houston	110	25.03	0.7	32	commercial
best eb2 niw lawyers in usa	50	47.18	0.86	0	commercial
e-2 visa requirements	480	4.89	0.39	27	informational
immigration lawyer jackson heights	110	20.48	0.37	0	navigational
o1 visa benefits	70	32.13	0.29	3	informational
immigration lawyer usa free consultation	140	15.99	0.7	14	informational
free consultation immigration lawyer nj	210	10.24	0.68	12	informational
us visa lawyer	110	18.69	0.42	39	commercial
apply for green card lottery	390	5.2	0.18	18	transactional
best immigration lawyer in texas	210	9.56	0.81	35	commercial
best immigration lawyer nyc free consultation	210	9.53	0.68	19	commercial
e2 visa attorney near me	30	65.41	0.8	0	navigational
concurrent filing i-130 and i-485 fees	720	2.59	0.05	10	transactional
immigration lawyer orlando free consultation	170	10.9	0.63	11	informational
e-2 visa minimum investment	260	7.12	0.28	2	informational
immigration lawyer cost per hour	50	32.49	0.63	0	commercial
top 10 immigration lawyers in chicago	320	5.04	0.82	32	commercial
e 2 visa cost	70	22.75	0.18	6	informational
zavala law firm	480	3.25	0.53	25	navigational
top 10 immigration lawyers in usa	260	5.64	0.82	39	commercial
list of pro bono immigration lawyers	70	20.77	0.52	10	navigational
marriage immigration lawyer near me	90	16.01	0.72	0	commercial
immigration lawyer brooklyn free consultation	110	13.06	0.75	20	commercial
immigration lawyer in tennessee	260	5.52	0.26	23	commercial
marriage immigration lawyer nyc	50	28.43	0.86	22	commercial
best immigration lawyer near me free consultation	110	12.62	0.65	2	commercial
best immigration lawyer nashville	50	27.53	0.74	24	commercial
eb2 niw consultant	30	45.78	0.85	4	navigational
eb2 niw lawyer near me	30	45.26	0.98	0	navigational
best immigration lawyer indianapolis	140	9.64	0.85	19	commercial
immigration law firm us	90	14.31	0.56	52	commercial
immigration law firms in usa	90	14.31	0.56	30	commercial
haitian immigration lawyer in orlando	40	31.44	0.8	0	commercial
i-485 attorney fee	170	7.26	0.22	0	informational
free immigration services brooklyn	90	12.82	0.62	6	informational
eb2 niw attorney near me	50	22.48	0.8	0	navigational
best immigration lawyers for difficult cases	110	9.97	0.58	18	commercial
marriage green card lawyer cost	90	12.09	0.68	0	commercial
top immigration lawyers in chicago	110	9.71	0.87	37	commercial
marriage immigration lawyer free consultation	50	21.19	0.74	0	navigational
best eb2 niw lawyers	50	20.01	0.8	0	commercial
indian immigration lawyer houston	40	24.12	0.95	2	commercial
immigration lawyer boston free consultation	110	8.77	0.68	12	informational
immigration lawyer fees for spouse visa	40	23.98	0.36	0	commercial
jewish immigration lawyer nyc	70	12.83	0.86	25	commercial
marriage green card lawyer near me	90	9.51	0.04	2	commercial
chen immigration website	70	11.97	0.47	12	navigational
e 2 visa minimum investment	210	3.98	0.29	0	informational
is green card application open	50	16.6	0.1	55	informational
e 2 visa to green card	210	3.85	0.24	4	informational
affordable immigration lawyer houston	70	11.51	0.89	25	commercial
free immigration lawyer online chat	90	8.4	0.62	34	informational
free immigration legal services nyc	90	8.34	0.51	19	informational
best eb2-niw lawyers reddit	30	24.85	0.65	0	informational
passport lawyers near me	70	10.3	0.95	9	commercial
best jewish immigration lawyer near me	40	17.5	0.86	33	commercial
o1 visa 8 criteria	50	13.57	0.42	23	informational
o1 visa lawyer cost	40	16.88	0.62	0	informational
i-485 attorney fees	170	3.72	0.25	1	informational
immigration lawyer pearland	40	15.64	0.67	0	navigational
immigration advocates near me	110	5.53	0.87	21	commercial
texas immigration lawyer free consultation	70	8.53	0.71	7	informational
zavala immigration lawyer	320	1.74	0.21	25	commercial
e 1 visa requirements	70	7.66	0.14	14	informational
attorney fee for i-130 and i-485	40	13.21	0.46	0	commercial
marriage based green card lawyer near me	50	10.48	0.67	0	navigational
e 2 visa application	30	15.92	0.19	24	informational
e-2 visa usa requirements	110	4.28	0.43	21	informational
how much does immigration lawyer cost for citizenship	70	6.58	0.31	0	commercial
eb2 niw rejection rate	30	15.03	0.34	0	informational
e 2 visa usa requirements	110	4.09	0.51	13	informational
immigration lawyer reviews	110	3.85	0.25	0	commercial
eb2 niw lawyer fee	40	10.41	0.69	0	informational
free immigration lawyer brooklyn	40	9.27	0.76	22	commercial
immigration lawyer kissimmee free consultation	40	8.63	0.65	0	navigational
top immigration law firms in usa	70	4.62	0.71	4	commercial
smart immigration lawyer	30	9.53	0.55	16	commercial
eb3 visa attorney fee	30	9.26	0.37	0	informational
best jewish immigration lawyer nyc	70	3.92	0.61	28	commercial
e 2 visa investment examples	50	4.24	0.15	0	informational
deportation lawyer cost	30	6.75	0.43	0	commercial
e 2 visa countries	320	0.59	0.1	6	informational
e-2 visa countries	320	0.59	0.1	6	informational
o1 visa lawyer new york	50	3.38	0.92	0	informational
do i need a lawyer to apply for citizenship	110	1.42	0.34	0	informational
best immigration lawyer brooklyn	70	1.92	0.81	20	commercial
e 2 visa investment amount	30	4.09	0.19	0	informational
how much does an immigration lawyer cost in california	50	1.28	0.52	0	commercial
zavala immigration lawyer reviews	30	1.31	0.06	20	navigational
best immigration lawyer for green card	30	1	0.57	33	commercial
i-130 lawyer fee	70	0.3	0.44	0	informational
