keyword	search_volume	cpc_usd	competition	keyword_difficulty	intent	market
65 preguntas frecuentes en entrevista para residencia por matrimonio	140	1.5	0.06		informational	US-es
abogado de deportacion	90	25.63	0.61		informational	US-es
abogado deportacion	10	32.75	0.79		informational	US-es
abogado para arreglar papeles	90	22.78	0.71		commercial	US-es
abogados de deportacion	90	16.61	0.61		informational	US-es
afecta la bancarrota para arreglar papeles	10		0.53		informational	US-es
aplicacion para residencia americana por matrimonio	10	2.99	0.86		transactional	US-es
aplicacion para residencia por matrimonio	10	2.26	0.34		navigational	US-es
arreglar papeles	30	0.63	0.33	48	informational	US-es
arreglar papeles a mis padres	10		0.33		informational	US-es
arreglar papeles en estados unidos	10				commercial	US-es
arreglar papeles por matrimonio	30	11.71	0.48		transactional	US-es
arreglar papeles translate					informational	US-es
como arreglar mis papeles en estados unidos	10		0.43		informational	US-es
como arreglar papeles	20		0.38		informational	US-es
como arreglar papeles a mi esposa	20	5.05	0.66		informational	US-es
como arreglar papeles a mi esposo	30	8.27	0.57	44	informational	US-es
como arreglar papeles a mi mama	20	11.63	0.5		informational	US-es
como arreglar papeles a mis padres	10	6.56	0.58		informational	US-es
como arreglar papeles a un sobrino	10				informational	US-es
como arreglar papeles en estados unidos	10	9.44	0.43		informational	US-es
como arreglar papeles en usa	110	4.46	0.46	43	informational	US-es
como arreglar papeles en usa si soy ilegal	30	5.91	0.33		informational	US-es
como arreglar papeles para estados unidos	10				informational	US-es
como arreglar papeles por medio de un hijo	10		0.71		informational	US-es
como arreglar papeles por medio del trabajo	10				informational	US-es
como arreglar papeles si entre indocumentado	10		0.07		informational	US-es
como arreglar papeles sin salir del pais	10		0.14		informational	US-es
como es el proceso de residencia por matrimonio	10	9.05	0.22		informational	US-es
como obtener la residencia alemana por matrimonio	10				informational	US-es
como obtener la residencia americana por matrimonio	10		0.06		informational	US-es
como obtener la residencia colombiana por matrimonio	10		0		informational	US-es
como obtener la residencia española por matrimonio	10		0		informational	US-es
como obtener la residencia mexicana por matrimonio	40		0.02		informational	US-es
como obtener la residencia por matrimonio en estados unidos	10	2.31	0.38		informational	US-es
como obtener la residencia por matrimonio en república dominicana	10				informational	US-es
como obtener residencia americana por matrimonio	10		0.14		informational	US-es
como obtener residencia dominicana por matrimonio	10				informational	US-es
como obtener residencia en estados unidos por matrimonio	10	9.7	0.71		informational	US-es
como obtener residencia en mexico por matrimonio	10		0		informational	US-es
como puedo arreglar mis papeles en estados unidos	20		0.33		informational	US-es
como puedo arreglar papeles	20	4.01	0.34		informational	US-es
como puedo arreglar papeles a mi mama	10		0.79		informational	US-es
como puedo arreglar papeles en estados unidos	40		0.47	51	informational	US-es
como puedo arreglar papeles en estados unidos 2021	0			56	informational	US-es
como puedo arreglar papeles en estados unidos 2022	10				informational	US-es
como puedo arreglar papeles en usa	20	8.7	0.4		informational	US-es
como puedo arreglar papeles si tengo un hijo ciudadano	10		0.43		informational	US-es
costo de arreglar papeles en usa					informational	US-es
cuales son las preguntas para la residencia por matrimonio	10		0.07		informational	US-es
cuanto cobra un abogado de inmigración para arreglar papeles	30	24.22	0.49		commercial	US-es
cuanto cobra un abogado para arreglar papeles	40	10.46	0.45		commercial	US-es
cuanto cobra un abogado por arreglar papeles	10	1.74	0.38		informational	US-es
cuanto cuesta arreglar papeles a mi esposa	50	2.22	0.28		informational	US-es
cuanto cuesta arreglar papeles a mi mama	20	10.75	0.17		informational	US-es
cuanto cuesta arreglar papeles a mis papás					informational	US-es
cuanto cuesta la residencia americana por matrimonio	110		0.12	47	informational	US-es
cuanto cuesta la residencia por matrimonio	10		0.05		informational	US-es
cuanto dura el proceso de residencia por matrimonio	50		0.05		informational	US-es
cuanto dura el tramite de residencia por matrimonio	20		0.1		informational	US-es
cuanto sale arreglar papeles en usa	10		0.23		informational	US-es
cuanto tarda el proceso de residencia por matrimonio 2022	10				informational	US-es
cuanto tarda el tramite de residencia por matrimonio	20		0.09		informational	US-es
cuanto tarda la residencia canadiense por matrimonio 2021	10				informational	US-es
cuanto tarda la residencia por matrimonio	70	0.95	0.1		informational	US-es
cuanto tarda la residencia por matrimonio 2022	10				informational	US-es
cuanto tarda la residencia por matrimonio en españa	10				informational	US-es
cuanto tarda residencia por matrimonio	10		0.24		informational	US-es
cuanto tarda una residencia por matrimonio	20		0.03		informational	US-es
cuanto tiempo dura el proceso de residencia por matrimonio	30		0.1		informational	US-es
cuanto tiempo tarda el tramite de residencia americana por matrimonio	10				informational	US-es
cuanto tiempo tarda la residencia americana por matrimonio	30		0.02		informational	US-es
cuanto tiempo tarda la residencia americana por matrimonio 2020	10			44	informational	US-es
cuanto tiempo tarda la residencia por matrimonio	30		0.13		informational	US-es
cuánto cobra un abogado para arreglar papeles	50	15.66	0.4		commercial	US-es
cuánto cuesta arreglar papeles a mi esposa					informational	US-es
cuánto cuesta arreglar papeles a mi esposo					informational	US-es
cómo arreglar papeles en estados unidos	10	5.51	0.48		informational	US-es
cómo arreglar papeles en estados unidos si soy ilegal	10	47.27	0.51		informational	US-es
cómo obtener la residencia canadiense por matrimonio	10				informational	US-es
cómo obtener la residencia en estados unidos por matrimonio	10		0.57		informational	US-es
documentos para residencia por matrimonio	10		0.1		informational	US-es
en cuanto tiempo sale la residencia americana por matrimonio	20		0.11		informational	US-es
entre con visa de trabajo puedo arreglar papeles	10		0.14		transactional	US-es
entrevista para residencia por matrimonio	10		0.16		informational	US-es
entrevista residencia por matrimonio	10		0		informational	US-es
formas de arreglar papeles en usa	10		0.27		informational	US-es
formulario para residencia americana por matrimonio	10				informational	US-es
formularios para residencia por matrimonio	10		0.07		informational	US-es
ley para arreglar papeles en estados unidos	10	0.04	0.13		informational	US-es
maneras de arreglar papeles en usa	30		0.35		informational	US-es
matrimonio por residencia americana	10				informational	US-es
me negaron la residencia por matrimonio	10			44	informational	US-es
mi empleador me puede arreglar papeles	30		0.1		informational	US-es
mi hija me puede arreglar papeles	70	9.97	0.13		informational	US-es
mi jefe me puede arreglar papeles	20	1.81	0.04	0	informational	US-es
mi primo me puede arreglar papeles	10		0.29		informational	US-es
mi tio es ciudadano americano me puede arreglar papeles	0				informational	US-es
obtener residencia americana por matrimonio	10				transactional	US-es
obtener residencia por matrimonio	10				transactional	US-es
para arreglar papeles americanos	20	8.33	0.35		commercial	US-es
pasos para arreglar papeles en usa	10				informational	US-es
pasos para la residencia americana por matrimonio	10		0.24		informational	US-es
pasos para obtener la residencia por matrimonio	10				informational	US-es
pasos para obtener residencia americana por matrimonio	10				informational	US-es
pasos para residencia por matrimonio	10				informational	US-es
pedir estampillas afecta para arreglar papeles	140		0.02		transactional	US-es
permiso de residencia por matrimonio con ciudadano italiano	10				transactional	US-es
preguntas de residencia por matrimonio	30		0.11		informational	US-es
preguntas para la entrevista de residencia por matrimonio	20		0.03		informational	US-es
preguntas para la residencia americana por matrimonio	20	2.71	0.08		informational	US-es
preguntas para la residencia por matrimonio	10		0		informational	US-es
preguntas para residencia por matrimonio	40		0.14	44	informational	US-es
preguntas para residencia por matrimonio en usa	10				informational	US-es
proceso de residencia por matrimonio	30		0.2		informational	US-es
proceso para obtener la residencia americana por matrimonio	10		0		informational	US-es
proceso para residencia americana por matrimonio	10			47	informational	US-es
proceso para residencia por matrimonio	10		0.04		informational	US-es
proceso residencia americana por matrimonio	10		0	47	informational	US-es
puede un deportado arreglar papeles	10		0.43	48	informational	US-es
puedes arreglar papeles si te agarra la migra	10		0.25		informational	US-es
puedo arreglar mis papeles por medio de mi trabajo	110		0.1	48	informational	US-es
puedo arreglar papeles después de una salida voluntaria	10		0.19		informational	US-es
puedo arreglar papeles por mi hijo	10		0.14		informational	US-es
puedo arreglar papeles si entre con visa de trabajo	20		0.04	48	informational	US-es
puedo arreglar papeles si entre con visa de turista	40		0.15	55	transactional	US-es
puedo arreglar papeles si entre ilegal	10				transactional	US-es
puedo arreglar papeles si entre ilegal 2 veces	10				transactional	US-es
puedo arreglar papeles si entre legal	10		0		informational	US-es
puedo arreglar papeles si estoy embarazada	10		0	47	informational	US-es
puedo arreglar papeles si firme salida voluntaria	10		0.07		informational	US-es
puedo arreglar papeles si fui deportado	20		0.07		informational	US-es
puedo arreglar papeles si me agarran con papeles falsos	10		0.07		informational	US-es
puedo arreglar papeles si me agarraron con papeles falsos	50		0.11		informational	US-es
puedo arreglar papeles si me agarraron en la frontera	10		0.05		informational	US-es
puedo arreglar papeles si tengo 10 años en usa					informational	US-es
puedo arreglar papeles si tengo deportación	50		0.17	10	informational	US-es
puedo arreglar papeles si tengo orden de deportacion	30	14.88	0.31		transactional	US-es
puedo arreglar papeles si tengo orden de deportación	30	14.88	0.31		transactional	US-es
puedo arreglar papeles si tengo un dui	140	7.68	0.1	40	informational	US-es
puedo arreglar papeles si tengo un hijo ciudadano	20		0.13		transactional	US-es
puedo arreglar papeles si tengo un misdemeanor	20			42	informational	US-es
puedo arreglar papeles si tengo un negocio	10		0.03		informational	US-es
puedo arreglar papeles si tengo una felonia	20		0.48		informational	US-es
puedo arreglar papeles si tengo una felonía	20		0		informational	US-es
puedo arreglar papeles si tengo una salida voluntaria	880	8.22	0.19	44	informational	US-es
puedo arreglar papeles si tuve un accidente	30		0.23		informational	US-es
puedo arreglar papeles si tuve un accidente de trabajo	170	17.12	0.08		transactional	US-es
puedo arreglar papeles si use documentos falsos					informational	US-es
que necesito para arreglar mis papeles de inmigracion	10	8.38	0.66		informational	US-es
que pasa si me niegan la residencia por matrimonio	320		0.1	0	informational	US-es
que se ocupa para arreglar papeles	10		0.3		informational	US-es
que tiempo dura el proceso de residencia americana por matrimonio	10		0.29		informational	US-es
quien puede arreglar papeles	10		0.21		informational	US-es
qué pasa si me niegan la residencia por matrimonio	320		0.1	0	informational	US-es
remover condiciones de residencia por matrimonio	70		0.08		transactional	US-es
requisitos para arreglar papeles a mi esposo	40	2.58	0.33	47	informational	US-es
requisitos para arreglar papeles a mi mama	10				informational	US-es
requisitos para arreglar papeles a mis padres	20	4.39	0.27	43	informational	US-es
requisitos para arreglar papeles en estados unidos	10		0	56	informational	US-es
requisitos para la residencia americana por matrimonio	70	2.44	0.16		informational	US-es
requisitos para la residencia por matrimonio	40		0.24		informational	US-es
requisitos para obtener la residencia española por matrimonio	10				informational	US-es
requisitos para residencia americana por matrimonio	50		0.13	44	informational	US-es
requisitos para residencia dominicana por matrimonio	10		0.03		informational	US-es
requisitos para residencia en costa rica por matrimonio	10				informational	US-es
requisitos para residencia en españa por matrimonio	10				informational	US-es
requisitos para residencia mexicana por matrimonio	10		0.01		informational	US-es
requisitos para residencia permanente en guatemala por matrimonio	10		0		informational	US-es
requisitos para residencia por matrimonio	40		0.18		informational	US-es
requisitos para solicitar residencia americana por matrimonio	10				informational	US-es
requisitos para tramitar la residencia americana por matrimonio	10		0.11		informational	US-es
requisitos residencia española por matrimonio	10				informational	US-es
requisitos residencia por matrimonio	10			48	informational	US-es
residencia alemana por matrimonio	10		0		informational	US-es
residencia americana por matrimonio	20		0.12	47	informational	US-es
residencia americana por matrimonio 2022	10				informational	US-es
residencia australiana por matrimonio	10				informational	US-es
residencia canadiense por matrimonio	10		0		informational	US-es
residencia condicional por matrimonio	110		0.07	43	informational	US-es
residencia condicional por matrimonio en usa	10		0.03		informational	US-es
residencia de estados unidos por matrimonio	10				informational	US-es
residencia dominicana por matrimonio	30		0.04		commercial	US-es
residencia en españa por matrimonio	20		0.03		informational	US-es
residencia en españa por matrimonio con comunitario	10				transactional	US-es
residencia españa por matrimonio	20		0.03		informational	US-es
residencia española por matrimonio	20		0.03		informational	US-es
residencia española por matrimonio sin vivir en españa	20		0		transactional	US-es
residencia estados unidos por matrimonio	10		0.14		informational	US-es
residencia europea por matrimonio	10			48	informational	US-es
residencia francesa por matrimonio	10				informational	US-es
residencia holandesa por matrimonio	10				commercial	US-es
residencia mexicana por matrimonio	70		0.01	47	informational	US-es
residencia nicaragüense por matrimonio	10		0.05		informational	US-es
residencia permanente en costa rica por matrimonio	10				informational	US-es
residencia permanente en méxico por matrimonio	10			48	informational	US-es
residencia permanente en panamá por matrimonio	10				transactional	US-es
residencia permanente mexicana por matrimonio	10		0		informational	US-es
residencia permanente méxico por matrimonio	10				informational	US-es
residencia permanente por matrimonio	50	4.39	0.23	43	informational	US-es
residencia por matrimonio	170	5.03	0.11	46	informational	US-es
residencia por matrimonio 2022	10				informational	US-es
residencia por matrimonio 2023	10				informational	US-es
residencia por matrimonio argentina	10		0		informational	US-es
residencia por matrimonio con ciudadano americano	40	4.2	0.15		informational	US-es
residencia por matrimonio con español	20		0.03		informational	US-es
residencia por matrimonio con residente permanente	10		0		transactional	US-es
residencia por matrimonio con un español	10				transactional	US-es
residencia por matrimonio costa rica	10		0		commercial	US-es
residencia por matrimonio del mismo sexo	10		0		informational	US-es
residencia por matrimonio en españa	20		0.03		informational	US-es
residencia por matrimonio en estados unidos	10		0.3		informational	US-es
residencia por matrimonio en honduras	10				commercial	US-es
residencia por matrimonio en mexico	10		0		informational	US-es
residencia por matrimonio en república dominicana	10				commercial	US-es
residencia por matrimonio en usa	90	6.63	0.28		informational	US-es
residencia por matrimonio españa	20		0.03	42	informational	US-es
residencia por matrimonio estados unidos	10		0.3		informational	US-es
residencia por matrimonio guatemala	10				informational	US-es
residencia por matrimonio mexico	10		0		informational	US-es
residencia por matrimonio peru	10				commercial	US-es
residencia por matrimonio republica dominicana	10				informational	US-es
residencia por matrimonio república dominicana	10		0		informational	US-es
residencia por matrimonio requisitos	10		0.14		informational	US-es
residencia por matrimonio sin entrevista	20		0.07		transactional	US-es
residencia por matrimonio usa	90	6.63	0.28		commercial	US-es
residencia portuguesa por matrimonio	10				informational	US-es
residencia rusa por matrimonio	10				commercial	US-es
residencia salvadoreña por matrimonio	30		0.01		informational	US-es
residencia suiza por matrimonio	10				commercial	US-es
residencia temporal en estados unidos por matrimonio	10		0.36	44	informational	US-es
residencia temporal en méxico por matrimonio	10		0.01	44	informational	US-es
residencia temporal mexico por matrimonio	10		0		informational	US-es
residencia temporal por matrimonio	20		0.02	44	informational	US-es
residencia temporal por matrimonio en costa rica	10				commercial	US-es
residencia usa por matrimonio	90	6.63	0.28		informational	US-es
se puede arreglar papeles por el tiempo	10		0		informational	US-es
si entre ilegal a usa puedo arreglar papeles	10		0		informational	US-es
si fui deportado puedo arreglar papeles	30		0.24		informational	US-es
si me caso con un ciudadano americano puede arreglar papeles	30	3.19	0.25		informational	US-es
si me caso con un residente americano puede arreglar papeles	140		0.14	47	informational	US-es
si me deportaron puedo arreglar papeles	20		0.08		informational	US-es
si tengo deportacion puedo arreglar papeles	20	1.41	0.24		informational	US-es
si tengo felonia puedo arreglar papeles	10		0		informational	US-es
si tengo un dui puedo arreglar papeles	140	8.88	0.14	40	informational	US-es
si tengo una empresa en usa puedo arreglar papeles	30		0.02		informational	US-es
si tengo violencia domestica puede arreglar papeles	20		0.25		transactional	US-es
solicitud de residencia por matrimonio	20		0.26		transactional	US-es
solicitud de residencia por matrimonio en estados unidos	10		0.36		informational	US-es
solicitud de residencia por matrimonio en usa	10				transactional	US-es
tarjeta de residencia por matrimonio	10				informational	US-es
tengo 20 años en estados unidos puedo arreglar papeles					informational	US-es
tengo un hijo con autismo puedo arreglar papeles	20				transactional	US-es
tiempo de espera para residencia americana por matrimonio	10		0	44	informational	US-es
tiempo de espera para residencia por matrimonio	20		0.03		informational	US-es
tramite de residencia americana por matrimonio	10	22.92	0.71		informational	US-es
tramite de residencia por matrimonio en usa	10		0.69		informational	US-es
un empleador puede arreglar papeles	20		0.05		informational	US-es
un hijo te puede arreglar papeles	10		0.03		informational	US-es
un tio me puede arreglar papeles	10		0		informational	US-es
una persona con daca puede arreglar papeles	20		0.06		informational	US-es
una persona con deportacion puede arreglar papeles	10		0.14		informational	US-es
visa de residencia por matrimonio	10				informational	US-es
abogado de asilo	260	25.1	0.56		informational	US-es
abogado de ciudadania	50	87.41	0.34		informational	US-es
abogado de ciudadania en los angeles	10				commercial	US-es
abogado de inmigración	18100	31.67	0.77	17	informational	US-es
abogado immigration	210	17.43	0.83		informational	US-es
abogado inmigracion	1000	36.64	0.67	39	informational	US-es
abogado migratorio	480	33.14	0.59	3	informational	US-es
abogado para ciudadania americana	70	28.95	0.54		commercial	US-es
aplicacion para ciudadania americana	110	3.64	0.39		informational	US-es
aplicacion para la ciudadania	480	5.42	0.25	46	navigational	US-es
aplicación de ciudadania americana	50	5.38	0.31		informational	US-es
aplicar a ciudadania americana	30	3.78	0.34		informational	US-es
ciudadania 2 bgu	10				informational	US-es
ciudadania activa	10		0		informational	US-es
ciudadania americana	3600	4.52	0.17	18	informational	US-es
ciudadania boliviana	10		0		informational	US-es
ciudadania civil	10		0		informational	US-es
ciudadania colombiana	40		0		informational	US-es
ciudadania español	1600		0.02	14	informational	US-es
ciudadania estadounidense	210	15.54	0.08		informational	US-es
ciudadania mexicana	590	4.25	0		informational	US-es
ciudadania moderna	10		0		informational	US-es
ciudadania usa	90	8.72	0.07	51	informational	US-es
clases de ciudadania	880	3.13	0.21	0	informational	US-es
clases de ciudadania 2024	10				informational	US-es
concepto de ciudadania	10		0		informational	US-es
curso de ciudadania	110	2.1	0.5		informational	US-es
desarrollo personal ciudadania y civica	10				informational	US-es
entrevistas para la ciudadania americana	70	3.48	0.03		informational	US-es
etica y ciudadania	10		0		informational	US-es
examen ciudadania americana	140		0.33	24	informational	US-es
examen de ciudadania	1900	1.09	0.25	26	informational	US-es
examen de ciudadania 2025	1600		0.05	18	informational	US-es
examen de ciudadania 2026	720	0.92	0.28		informational	US-es
examen de ciudadania americana	590	1.05	0.28	20	informational	US-es
examen para ciudadania	320	0.82	0.28	26	informational	US-es
examen para ciudadania americana	70	0.32	0.64	24	informational	US-es
examen para la ciudadania	170	0.83	0.54	26	informational	US-es
formulario ciudadania americana	40	2.47	0.1		informational	US-es
inmigracion abogado	390	28.76	0.72	59	informational	US-es
politica y ciudadania	10				informational	US-es
preguntas de la ciudadania	2900	1.11	0.2	19	informational	US-es
preguntas para la ciudadania	3600	1.25	0.21	19	informational	US-es
requisitos para ciudadania americana	320	0.81	0.16	6	informational	US-es
requisitos para ciudadania colombiana	10		0		informational	US-es
requisitos para la ciudadania americana	590	4.18	0.15	28	informational	US-es
solicitud de ciudadania americana	90	11.23	0.21		informational	US-es
test ciudadania española	10				informational	US-es
citas visa tn	30		0.05		informational	MX-es
como apelar una visa denegada	40		0.04	7	informational	MX-es
diferencia entre visa e1 y e2	10		0		informational	MX-es
experiencias de visas negadas	40		0	0	informational	MX-es
lista de profesiones para visa tn 2023	10				informational	MX-es
lista de profesiones para visa tn 2025	10	2.03	0.12		informational	MX-es
lista de profesiones para visa tn 2026	10		0.02		informational	MX-es
me han negado la visa 5 veces	10		0		informational	MX-es
me negaron la visa y después me la dieron	590	0.93	0.02	0	informational	MX-es
nafta visa tn	30	2.32	0.2		navigational	MX-es
países con tratado para visa e2	10				informational	MX-es
porque niegan la visa americana a los colombianos	0				informational	MX-es
tn visa mexico	70		0.02		navigational	MX-es
visa cr1	90	0.45	0.03	1	commercial	MX-es
visa e1	210	3.51	0.15	0	informational	MX-es
visa e1 beneficios	10	3.94	0.45		commercial	MX-es
visa e1 para chilenos	0				informational	MX-es
visa e1 para mexicanos	30	3.43	0.28	61	informational	MX-es
visa e1 requisitos	30	1.73	0.37		informational	MX-es
visa e1 y e2	40	3.63	0.52	5	informational	MX-es
visa e1 y e2 para colombianos	0				commercial	MX-es
visa e1 y e2 para mexicanos	10	1.4	0.68		informational	MX-es
visa e2	480	2.7	0.56	0	informational	MX-es
visa e2 beneficios	30	1.01	0.5		informational	MX-es
visa e2 cuánto hay que invertir	20	0.7	0.41		commercial	MX-es
visa e2 experiencias	10				informational	MX-es
visa e2 para colombianos	10				informational	MX-es
visa e2 para mexicanos	90	3.54	0.52	0	informational	MX-es
visa e2 para mexicanos requisitos	10		0.55		informational	MX-es
visa e2 precio	10		0.57		commercial	MX-es
visa e2 requisitos	70	2.8	0.57	50	informational	MX-es
visa e2 residencia permanente	10	0.77	0.43		informational	MX-es
visa negada tiempo de espera	10				informational	MX-es
visa para esposa de ciudadano americano	30		0.04	54	informational	MX-es
visa td costo					informational	MX-es
visa td para esposa	50		0.01	0	informational	MX-es
visa td para esposa e hijos	20		0.02		informational	MX-es
visa td para hijos	10		0.04		informational	MX-es
visa td que es	30		0		informational	MX-es
visa td ventajas y desventajas	10		0		informational	MX-es
visa tn 2023	0			0	informational	MX-es
visa tn beneficios	20		0	54	informational	MX-es
visa tn citas	10		0		informational	MX-es
visa tn entrevista	10		0		informational	MX-es
visa tn negada	10		0	29	informational	MX-es
visa tn para ingenieros	50		0.08		informational	MX-es
visa tn para mexicanos	90	1.53	0.16	0	informational	MX-es
visa tn precio	110		0.02		informational	MX-es
visa tn profesiones	110	0.37	0.07	0	informational	MX-es
visa tn requisitos	210	0.97	0.11	0	informational	MX-es
visa tn requisitos 2023	10				informational	MX-es
visa tn sin título profesional	10	0.46	0.12		informational	MX-es
visa tn tiempo de entrega	10		0		informational	MX-es
visa tn ventajas y desventajas	170		0.01	0	informational	MX-es
visa tn y td	20		0.01		navigational	MX-es
